file,kind,elements_per_member,profile
axial_n001.txt,axial,1,quick
axial_n002.txt,axial,2,quick
axial_n004.txt,axial,4,quick
axial_n008.txt,axial,8,quick
axial_n016.txt,axial,16,quick
bending_n002.txt,bending,2,quick
bending_n004.txt,bending,4,quick
bending_n008.txt,bending,8,quick
bending_n016.txt,bending,16,quick
frame_n001.txt,frame,1,quick
frame_n002.txt,frame,2,quick
frame_n004.txt,frame,4,quick
frame_n008.txt,frame,8,quick
frame_n016.txt,frame,16,quick
frame_n025.txt,frame,25,full
frame_n050.txt,frame,50,full
frame_n100.txt,frame,100,full
frame_n200.txt,frame,200,full
frame_n400.txt,frame,400,conditional
frame_static_n002.txt,frame_static,2,quick
